{"schemaVersion":"1.0","appDefinitionTemplate":{"id":"/providers/Microsoft.PowerApps/apps/","type":"Microsoft.PowerApps/apps","tags":{"minimumRequiredApiVersion":"2.2.0","primaryDeviceWidth":"640","primaryDeviceHeight":"1136","sienaVersion":"20201027T183943Z-3.20101.20.0","deviceCapabilities":"","supportsPortrait":"true","supportsLandscape":"false","primaryFormFactor":"Phone","publisherVersion":"3.20101.20","hasComponent":"false","hasNonOOBComponent":"false","hasUnlockedComponent":"false","isUnifiedRootApp":"false"},"properties":{"appVersion":"2020-10-27T18:39:43Z","lifeCycleId":"Published","createdByClientVersion":{"major":3,"minor":20101,"build":20,"revision":0,"majorRevision":0,"minorRevision":0},"minClientVersion":{"major":3,"minor":20101,"build":20,"revision":0,"majorRevision":0,"minorRevision":0},"backgroundColor":"rgba(0, 176, 240, 1)","backgroundImageUri":"/3107093362256922927/Nf704e6cb-7cca-4bc5-8176-c8b2fd9fa3df-logoSmallFile","displayName":"HTMLCtrlTricks","description":"","commitMessage":"","appUris":{"documentUri":{"value":"/3107093362256922927/N6aee6fed-0a71-4aaa-8562-71f2157f9096-document.msapp","readonlyValue":"/3107093362256922927/N6aee6fed-0a71-4aaa-8562-71f2157f9096-document.msapp"},"imageUris":[]},"createdTime":"0001-01-01T00:00:00Z","lastModifiedTime":"0001-01-01T00:00:00Z","sharedGroupsCount":0,"sharedUsersCount":0,"icons":{"smallIconUri":"/3107093362256922927/N0000f9be-bcdb-4cc0-8b1c-48c90814268d-small.png","mediumIconUri":"/3107093362256922927/N981c99b2-b711-4988-bdae-b16ee1a8eb71-medium.png","largeIconUri":"/3107093362256922927/N83f65956-5ee6-41ef-8c6c-badec6dbfd31-large.png","wideIconUri":"/3107093362256922927/N696fbb72-0da3-4cbf-944f-9665ccc973a6-wide.png"},"connectionReferences":{"4446b5f7-3c93-4e9f-a765-41a61e98daa0":{"id":"53514d54-9769-4ec1-87dd-20e27c9fcfae","displayName":"Office 365 Outlook","iconUri":"https://connectoricons-prod.azureedge.net/releases/v1.0.1404/1.0.1404.2172/office365/icon.png","dataSources":["Office365"],"dependencies":[],"dependents":["7cf6bd6a-2ce2-4083-857d-bce8d1a6aa29"],"parameterHints":{},"isOnPremiseConnection":false,"bypassConsent":false,"dataSets":{},"apiTier":"Standard","isCustomApiConnection":false},"7cf6bd6a-2ce2-4083-857d-bce8d1a6aa29":{"id":"bf7dc26a-f30d-48be-b5c3-abf9ebefbd89","displayName":"Logic flows","iconUri":"https://resourcestackdeploy.blob.core.windows.net/scripts/13276078.png","dataSources":["PTOApprovalRequest"],"dependencies":["731349f7-7152-4ed2-b876-a613c52c5b0d","a31202ce-3ecf-4849-97bd-5f6237ec7c03","4446b5f7-3c93-4e9f-a765-41a61e98daa0"],"dependents":[],"parameterHints":{"workflowName":{"value":"4c0f3fcd-3ea6-4f84-bc46-693f16cc63ca"},"731349f7-7152-4ed2-b876-a613c52c5b0d":{"value":"shared_sharepointonline"},"a31202ce-3ecf-4849-97bd-5f6237ec7c03":{"value":"shared_approvals"},"4446b5f7-3c93-4e9f-a765-41a61e98daa0":{"value":"shared_office365"}},"isOnPremiseConnection":false,"bypassConsent":false,"dataSets":{},"apiTier":"Standard","isCustomApiConnection":false},"731349f7-7152-4ed2-b876-a613c52c5b0d":{"id":"b3703b3e-65f3-45b2-81e7-b20fb2dbc2fa","displayName":"SharePoint","iconUri":"https://connectoricons-prod.azureedge.net/releases/v1.0.1402/1.0.1402.2163/sharepointonline/icon.png","dataSources":[],"dependencies":[],"dependents":["7cf6bd6a-2ce2-4083-857d-bce8d1a6aa29"],"parameterHints":{},"isOnPremiseConnection":false,"bypassConsent":false,"dataSets":{},"apiTier":"Standard","isCustomApiConnection":false},"a31202ce-3ecf-4849-97bd-5f6237ec7c03":{"id":"c0bf0543-63ea-4e44-a31d-f19f4ec8f7f2","displayName":"Approvals","iconUri":"https://connectoricons-prod.azureedge.net/approvals/icon_1.0.1346.1996.png","dataSources":[],"dependencies":[],"dependents":["7cf6bd6a-2ce2-4083-857d-bce8d1a6aa29"],"parameterHints":{},"isOnPremiseConnection":false,"bypassConsent":false,"dataSets":{},"apiTier":"Standard","isCustomApiConnection":false},"2f2db5a5-2b9a-46f7-978d-6a0b6617d4b1":{"id":"7140171e-f14b-4f69-8ad4-ec10b07946ea","displayName":"Office 365 Users","iconUri":"https://connectoricons-prod.azureedge.net/releases/v1.0.1402/1.0.1402.2163/office365users/icon.png","dataSources":["Office365Users"],"dependencies":[],"dependents":[],"parameterHints":{},"isOnPremiseConnection":false,"bypassConsent":false,"dataSets":{},"apiTier":"Standard","isCustomApiConnection":false}},"databaseReferences":{},"almMode":"Environment","performanceOptimizationEnabled":true,"canConsumeAppPass":true,"executionRestrictions":{"isTeamsOnly":false,"dataLossPreventionEvaluationResult":{"status":"Compliant","lastEvaluationDate":"2020-10-27T18:35:54.1026979Z","violationDetails":[]}}},"isAppComponentLibrary":false,"appType":"ClassicCanvasApp","appComponents":[]}}