{"name":"d7864acb-421f-4c7a-bb63-35dbcd967829","id":"/providers/Microsoft.Flow/flows/d7864acb-421f-4c7a-bb63-35dbcd967829","type":"Microsoft.Flow/flows","properties":{"apiId":"/providers/Microsoft.PowerApps/apis/shared_logicflows","displayName":"PTO Approval Request","definition":{"metadata":{"workflowEntityId":null,"creator":{"id":"4097ba7f-d64b-49e9-aa43-728ca259368d","type":"User","tenantId":"2529db1f-d69c-47fa-8d9e-4ccff43c1d68"},"provisioningMethod":"FromDefinition","failureAlertSubscription":true,"clientLastModifiedTime":"2019-10-18T13:37:39.2463525Z"},"$schema":"https://schema.management.azure.com/providers/Microsoft.Logic/schemas/2016-06-01/workflowdefinition.json#","contentVersion":"1.0.0.0","parameters":{"$connections":{"defaultValue":{},"type":"Object"},"$authentication":{"defaultValue":{},"type":"SecureObject"}},"triggers":{"manual":{"type":"Request","kind":"PowerApp","inputs":{"schema":{"type":"object","properties":{"PTORequestId_Inputs":{"type":"any","description":"Inputs","x-ms-powerflows-param-ispartial":false}},"required":["PTORequestId_Inputs"]}}}},"actions":{"PTORequestId":{"runAfter":{},"type":"Compose","inputs":"@triggerBody()['PTORequestId_Inputs']"},"Get_PTO_Request":{"runAfter":{"PTORequestId":["Succeeded"]},"metadata":{"flowSystemMetadata":{"swaggerOperationId":"GetItem"}},"type":"ApiConnection","inputs":{"host":{"connection":{"name":"@json(decodeBase64(triggerOutputs().headers['X-MS-APIM-Tokens']))['$connections']['shared_sharepointonline']['connectionId']"},"api":{"runtimeUrl":"https://unitedstates-002.azure-apim.net/apim/sharepointonline"}},"method":"get","path":"/datasets/@{encodeURIComponent(encodeURIComponent('https://artisconsultinglp.sharepoint.com/sites/ArtisNet'))}/tables/@{encodeURIComponent(encodeURIComponent('ca229c91-de81-42d2-8ac3-bd25e020b03d'))}/items/@{encodeURIComponent(outputs('PTORequestId'))}","authentication":{"type":"Raw","value":"@json(decodeBase64(triggerOutputs().headers['X-MS-APIM-Tokens']))['$ConnectionKey']"}}},"Start_and_wait_for_an_approval":{"runAfter":{"Get_PTO_Request":["Succeeded"]},"metadata":{"flowSystemMetadata":{"swaggerOperationId":"StartAndWaitForAnApproval"}},"type":"ApiConnectionWebhook","inputs":{"host":{"connection":{"name":"@json(decodeBase64(triggerOutputs().headers['X-MS-APIM-Tokens']))['$connections']['shared_approvals']['connectionId']"},"api":{"runtimeUrl":"https://unitedstates-002.azure-apim.net/apim/approvals"}},"body":{"notificationUrl":"@{listCallbackUrl()}","title":"@{body('Get_PTO_Request')['Title']} Approval Request","assignedTo":"GSivasailam@artisconsulting.com;","details":"Total PTO Planned Hours: @{body('Get_PTO_Request')?['TotalHrs']} \nStartDate: @{formatDateTime(body('Get_PTO_Request')?['StartDate'],'MM-dd-yy')}\nEndDate: @{formatDateTime(body('Get_PTO_Request')?['EndDate'],'MM-dd-yy')}","itemLink":"@body('Get_PTO_Request')?['{Link}']","itemLinkDescription":"Approval Request","requestor":"@{body('Get_PTO_Request')?['Author']?['Email']};","enableNotifications":true},"path":"/types/@{encodeURIComponent('Basic')}/subscriptions","authentication":{"type":"Raw","value":"@json(decodeBase64(triggerOutputs().headers['X-MS-APIM-Tokens']))['$ConnectionKey']"}}},"If_PTO_Request_Approved":{"actions":{"Update_PTO_Approved_Status":{"runAfter":{},"metadata":{"flowSystemMetadata":{"swaggerOperationId":"PatchItem"}},"type":"ApiConnection","inputs":{"host":{"connection":{"name":"@json(decodeBase64(triggerOutputs().headers['X-MS-APIM-Tokens']))['$connections']['shared_sharepointonline']['connectionId']"},"api":{"runtimeUrl":"https://unitedstates-002.azure-apim.net/apim/sharepointonline"}},"method":"patch","body":{"Title":"@body('Get_PTO_Request')['Title']","Status":{"Value":"Approved"}},"path":"/datasets/@{encodeURIComponent(encodeURIComponent('https://artisconsultinglp.sharepoint.com/sites/ArtisNet'))}/tables/@{encodeURIComponent(encodeURIComponent('ca229c91-de81-42d2-8ac3-bd25e020b03d'))}/items/@{encodeURIComponent(outputs('PTORequestId'))}","authentication":{"type":"Raw","value":"@json(decodeBase64(triggerOutputs().headers['X-MS-APIM-Tokens']))['$ConnectionKey']"}}},"Send_an_email_(V2)":{"runAfter":{"Update_PTO_Approved_Status":["Succeeded"]},"metadata":{"flowSystemMetadata":{"swaggerOperationId":"SendEmailV2"}},"type":"ApiConnection","inputs":{"host":{"connection":{"name":"@json(decodeBase64(triggerOutputs().headers['X-MS-APIM-Tokens']))['$connections']['shared_office365']['connectionId']"},"api":{"runtimeUrl":"https://unitedstates-002.azure-apim.net/apim/office365"}},"method":"post","body":{"To":"@{body('Get_PTO_Request')?['Author']?['Email']};","Subject":"PTO Request - Approved","Body":"<p>Your PTO request has been approved:<br>\n<br>\nStartDate: @{formatDateTime(body('Get_PTO_Request')?['StartDate'],'MM-dd-yy')}<br>\nEndDate: @{formatDateTime(body('Get_PTO_Request')?['EndDate'],'MM-dd-yy')}<br>\nTotal PTO Planned Hours: &nbsp;@{body('Get_PTO_Request')?['TotalHrs']}<br>\n<br>\nAvailable PTO Hours: <br>\n<br>\n</p>"},"path":"/v2/Mail","authentication":{"type":"Raw","value":"@json(decodeBase64(triggerOutputs().headers['X-MS-APIM-Tokens']))['$ConnectionKey']"}}},"Create_PTO_Request_Copy_in_Events_List":{"runAfter":{"RequestType":["Succeeded"]},"metadata":{"flowSystemMetadata":{"swaggerOperationId":"PostItem"}},"type":"ApiConnection","inputs":{"host":{"connection":{"name":"@json(decodeBase64(triggerOutputs().headers['X-MS-APIM-Tokens']))['$connections']['shared_sharepointonline']['connectionId']"},"api":{"runtimeUrl":"https://unitedstates-002.azure-apim.net/apim/sharepointonline"}},"method":"post","body":{"Title":"@body('Get_PTO_Request')['Title']","EventDate":"@body('Get_PTO_Request')?['StartDate']","EndDate":"@body('Get_PTO_Request')?['EndDate']","PTOType":"@{outputs('RequestType')}","PTOTotalHours":"@int(body('Get_PTO_Request')?['TotalHrs'])","Employee":{"Claims":"@body('Get_PTO_Request')?['Employee']?['Claims']"},"Category":{"Value":"PTO"}},"path":"/datasets/@{encodeURIComponent(encodeURIComponent('https://artisconsultinglp.sharepoint.com/sites/ArtisNet'))}/tables/@{encodeURIComponent(encodeURIComponent('Events'))}/items","authentication":{"type":"Raw","value":"@json(decodeBase64(triggerOutputs().headers['X-MS-APIM-Tokens']))['$ConnectionKey']"}}},"RequestType":{"runAfter":{"Send_an_email_(V2)":["Succeeded"]},"type":"Compose","inputs":"@body('Get_PTO_Request')?['RequestType']?['Value']"},"Delete_PTO_Request_from_PTO_List":{"runAfter":{"Create_PTO_Request_Copy_in_Events_List":["Succeeded"]},"metadata":{"flowSystemMetadata":{"swaggerOperationId":"DeleteItem"}},"type":"ApiConnection","inputs":{"host":{"connection":{"name":"@json(decodeBase64(triggerOutputs().headers['X-MS-APIM-Tokens']))['$connections']['shared_sharepointonline']['connectionId']"},"api":{"runtimeUrl":"https://unitedstates-002.azure-apim.net/apim/sharepointonline"}},"method":"delete","path":"/datasets/@{encodeURIComponent(encodeURIComponent('https://artisconsultinglp.sharepoint.com/sites/ArtisNet'))}/tables/@{encodeURIComponent(encodeURIComponent('ca229c91-de81-42d2-8ac3-bd25e020b03d'))}/items/@{encodeURIComponent(body('Get_PTO_Request')?['ID'])}","authentication":{"type":"Raw","value":"@json(decodeBase64(triggerOutputs().headers['X-MS-APIM-Tokens']))['$ConnectionKey']"}}}},"runAfter":{"Start_and_wait_for_an_approval":["Succeeded"]},"else":{"actions":{"Update_PTO_Rejected_Status":{"runAfter":{},"metadata":{"flowSystemMetadata":{"swaggerOperationId":"PatchItem"}},"type":"ApiConnection","inputs":{"host":{"connection":{"name":"@json(decodeBase64(triggerOutputs().headers['X-MS-APIM-Tokens']))['$connections']['shared_sharepointonline']['connectionId']"},"api":{"runtimeUrl":"https://unitedstates-002.azure-apim.net/apim/sharepointonline"}},"method":"patch","body":{"Title":"@body('Get_PTO_Request')['Title']","Status":{"Value":"Rejected"}},"path":"/datasets/@{encodeURIComponent(encodeURIComponent('https://artisconsultinglp.sharepoint.com/sites/ArtisNet'))}/tables/@{encodeURIComponent(encodeURIComponent('ca229c91-de81-42d2-8ac3-bd25e020b03d'))}/items/@{encodeURIComponent(outputs('PTORequestId'))}","authentication":{"type":"Raw","value":"@json(decodeBase64(triggerOutputs().headers['X-MS-APIM-Tokens']))['$ConnectionKey']"}}},"Apply_to_each":{"foreach":"@body('Start_and_wait_for_an_approval')?['responses']","actions":{"Send_an_email_(V2)_2":{"runAfter":{},"metadata":{"flowSystemMetadata":{"swaggerOperationId":"SendEmailV2"}},"type":"ApiConnection","inputs":{"host":{"connection":{"name":"@json(decodeBase64(triggerOutputs().headers['X-MS-APIM-Tokens']))['$connections']['shared_office365']['connectionId']"},"api":{"runtimeUrl":"https://unitedstates-002.azure-apim.net/apim/office365"}},"method":"post","body":{"To":"@{body('Get_PTO_Request')?['Author']?['Email']};","Subject":"PTO Request - Not Approved","Body":"<p>Your PTO request has not been approved.<br>\n<br>\nApprover Comments:<br>\n@{items('Apply_to_each')?['comments']}<br>\n<br>\nView your PTO request here:<br>\n<br>\n@{body('Get_PTO_Request')?['{Link}']}</p>"},"path":"/v2/Mail","authentication":{"type":"Raw","value":"@json(decodeBase64(triggerOutputs().headers['X-MS-APIM-Tokens']))['$ConnectionKey']"}}}},"runAfter":{"Update_PTO_Rejected_Status":["Succeeded"]},"type":"Foreach"}}},"expression":{"equals":["@body('Start_and_wait_for_an_approval')?['outcome']","Approve"]},"type":"If"}}},"connectionReferences":{"shared_sharepointonline":{"connectionName":"shared-sharepointonl-194c521d-e1ba-4ff1-b09f-44c74ad67d89","source":"Invoker","id":"/providers/Microsoft.PowerApps/apis/shared_sharepointonline","tier":"NotSpecified"},"shared_approvals":{"connectionName":"360a7030b1bc471e86ac3e4d5cd2e87d","source":"Invoker","id":"/providers/Microsoft.PowerApps/apis/shared_approvals","tier":"NotSpecified"},"shared_office365":{"connectionName":"shared-office365-b6590491-88d3-49b9-aa2b-6a971eaf850b","source":"Invoker","id":"/providers/Microsoft.PowerApps/apis/shared_office365","tier":"NotSpecified"}},"flowFailureAlertSubscribed":false}}